<?xml version="1.0" encoding="UTF-8"?>
<AnyConnectProfile xmlns="http://schemas.xmlsoap.org/encoding/" 
xmlns:xsi="http://www.w3.org/2001/XMLSchema-instance" 
xsi:schemaLocation="http://schemas.xmlsoap.org/encoding/ AnyConnectProfile.xsd">
	<ServerList>
		<HostEntry>
			<HostName>Canon_R11_VPN</HostName>
			<HostAddress>opn.cgn.canon-europa.com</HostAddress>
		</HostEntry>
		<HostEntry>
			<HostName>Canon_Europe_VPN_MFA</HostName>
			<HostAddress>vpn.canon-europe.com/mfa</HostAddress>
		</HostEntry>
		<HostEntry>
			<HostName>Canon_Europe_VPN</HostName>
			<HostAddress>vpn.canon-europe.com</HostAddress>
		</HostEntry>
		<HostEntry>
			<HostName>Canon_ME_VPN_MFA</HostName>
			<HostAddress>vpn-me.canon-europe.com/mfa</HostAddress>
		</HostEntry>
		<HostEntry>
			<HostName>Canon_ME_VPN</HostName>
			<HostAddress>vpn-me.canon-europe.com</HostAddress>
		</HostEntry>
		<HostEntry>
			<HostName>Canon_ZA_VPN_MFA</HostName>
			<HostAddress>vpn-za.canon-europe.com/mfa</HostAddress>
		</HostEntry>
		<HostEntry>
			<HostName>Canon_ZA_VPN</HostName>
			<HostAddress>vpn-za.canon-europe.com</HostAddress>
		</HostEntry>
	</ServerList>
</AnyConnectProfile>
